<?xml version="1.0" encoding="utf-8" ?>
<dwsync>
<file name="customer_login.php" server="C:/xampp/htdocs/house_rental/" local="132146720200000000" remote="132146720200000000" Dst="0" />
<file name="delete_account.php" server="C:/xampp/htdocs/house_rental/" local="131932293300000000" remote="131932293300000000" Dst="0" />
<file name="my_orders.php" server="C:/xampp/htdocs/house_rental/" local="132148276756187042" remote="132148276750000000" Dst="0" />
<file name="pay_offline.php" server="C:/xampp/htdocs/house_rental/" local="131932293300000000" remote="131932293300000000" Dst="0" />
<file name="edit_account.php" server="C:/xampp/htdocs/house_rental/" local="131932293300000000" remote="131932293300000000" Dst="0" />
<file name="change_pass.php" server="C:/xampp/htdocs/house_rental/" local="131932293300000000" remote="131932293300000000" Dst="0" />
<file name="my_wishlist.php" server="C:/xampp/htdocs/house_rental/" local="132147331820000000" remote="132147331820000000" Dst="0" />
<file name="delete_wishlist.php" server="C:/xampp/htdocs/house_rental/" local="131932293300000000" remote="131932293300000000" Dst="0" />
<file name="my_account.php" server="C:/xampp/htdocs/house_rental/" local="132148249946499888" remote="132148249940000000" Dst="0" />
</dwsync>